id,name,team,Salary,Salary.1,Salary.2,Salary.3,Salary.4,Salary.5,Unnamed: 9,-additional,Note
1,Stephen Curry,GSW,$59606817,$62587158,,,,,$122193975,curryst01,"['Signed extension August 29, 2024', 'Signed 4-yr/$215M extension August 6, 2021']"
2,Joel Embiid,PHI,$55224526,$57985752,$62624612,$67263472,,,$175834890,embiijo01,"['Player option voided and extension signed September 19, 2024', '2026-27 is a player option', 'Signed 4-yr/$208', '5M extension contract August 17, 2021']"
3,Nikola Jokić,DEN,$55224526,$59033114,$62841702,,,,$114257640,jokicni01,"['2027-28 is a player option', 'Signed 5-yr/$270M extension July 8, 2022']"
4,Kevin Durant,HOU,$54708609,,,,,,$54708609,duranke01,"['Traded from PHO to HOU July 6, 2025', 'Traded from BRK to PHO February 9, 2023', 'Signed 4-yr/$194M contract extension August 8, 2021']"
5,Jayson Tatum,BOS,$54126450,$58456566,$62786682,$67116798,$71446914,,$242486496,tatumja01,"['2029-30 is a player option', 'Signed 5-yr/$314M contract extension July 6, 2024']"
6,Giannis Antetokounmpo,MIL,$54126450,$58456566,$62786682,,,,$112583016,antetgi01,"['2027-28 is a player option', 'Signed 3-yr/$177M contract extension October 23, 2023']"
7,Anthony Davis,DAL,$54126450,$58456566,$62786682,,,,$112583016,davisan02,"['2027-28 is a player option', 'Signed 3-yr/$175M contract extension August 6, 2023']"
8,Jimmy Butler,GSW,$54126450,$56832773,,,,,$110959223,butleji01,"['Traded from MIA to GSW February 6, 2025', 'Signed 2-yr/$113M contract extension February 6, 2025', '2025-26 is a player option', 'Signed 3-yr/$146M contract extension August 7, 2021']"
9,Damian Lillard,MIL,$54126450,,,,,,$54126450,lillada01,"['Waived July 6, 2025', 'Traded from POR to MIL September 27, 2023', '2026-27 is a player option', 'Signed 2-yr/$122M contract extension July 9, 2022', '2027-28 is a player option', 'Signed 3-yr/$41M contract July 19, 2025']"
10,Bradley Beal,PHO,$53666270,,,,,,$53666270,bealbr01,"['2026-27 is a player option', 'Signed 2-yr/$11M contract July 18, 2025', 'Waived by PHO July 16, 2025', 'Traded from WAS to PHO June 23, 2023', '2026-27 is a player option', 'Signed 5-yr/$251M contract July 6, 2022']"
11,Jaylen Brown,BOS,$53142264,$57078728,$61015192,$64951656,,,$236187840,brownja02,"['Signed 5-yr/$304M contract extension July 26, 2023']"
12,Devin Booker,PHO,$53142264,$57078728,$61015192,,,,$171236184,bookede01,"['Signed 4-yr/$224M extension July 6, 2022']"
13,Karl-Anthony Towns,NYK,$53142264,$57078728,$61015192,,,,$110220992,townska01,"['Traded from MIN to NYK October 2, 2024', '2027-28 is a player option', 'Signed 4-yr/$224M contract July 7, 2022']"
14,LeBron James,LAL,$52627153,,,,,,$52627153,jamesle01,"['Option exercised June 29, 2025', '2025-26 is a player option', 'Signed 2-yr/$101M contract July 6, 2024']"
15,Paul George,PHI,$51666090,$54126380,$56586670,,,,$105792470,georgpa01,"['2027-28 is a player option', 'Signed 4-yr/$212M contract July 6, 2024']"
16,Kawhi Leonard,LAC,$50000000,$50300000,,,,,$100300000,leonaka01,"['Signed 3-yr/$150M contract extension January 10, 2024']"
17,Zach LaVine,SAC,$47499660,$48967380,,,,,$47499660,lavinza01,"['Traded from CHI to SAC February 3, 2025', '2026-27 is a player option', 'Signed 5-yr/$215M contract July 7, 2022']"
18,Evan Mobley,CLE,$46394100,$50105628,$53817156,$57528684,$51033510,,$258879078,mobleev01,
19,Jamal Murray,DEN,$46394100,$50105628,$53817156,$57528684,,,$207845568,murraja01,"['Signed 4-yr/$208M contract extension September 11, 2024']"
20,Lauri Markkanen,UTA,$46394100,$46113154,$49824681,$53536209,,,$195868144,markkla01,"['Signed 4-yr/$196M contract August 7, 2024']"
21,Donovan Mitchell,CLE,$46394100,$50105628,$53817156,,,,$96499728,mitchdo01,
22,Luka Dončić,LAL,$45999660,$48967380,,,,,$45999660,doncilu01,
23,Trae Young,ATL,$45999660,$48967380,,,,,$45999660,youngtr01,"['2025 Early Termination Option, 15% trade kicker', 'Signed 5-yr/$215M extension August 6, 2021']"
24,Anthony Edwards,MIN,$45550512,$48924624,$52298736,$55672848,,,$202446720,edwaran01,"['Signed 5-yr/$206M contract extension July 8, 2023']"
25,Tyrese Haliburton,IND,$45550512,$48924624,$52298736,$55672848,,,$202446720,halibty01,"['Signed 5-yr/$206M contract extension July 6, 2023']"
26,Pascal Siakam,IND,$45550512,$48924624,$52298736,,,,$146773872,siakapa01,"['Signed 4-yr/$189M contract July 6, 2024']"
27,Domantas Sabonis,SAC,$43636000,$46772000,$49908000,,,,$140316000,sabondo01,"['Signed 4-yr/$195M contract extension July 6, 2023']"
28,OG Anunoby,NYK,$39568966,$42500000,$45431034,$48362068,,,$127500000,anunoog01,"['2028-29 is a player option', 'Signed 5-yr/$212', '5M contract July 6, 2024']"
29,Zion Williamson,NOP,$39446090,$42166510,$44886930,,,,$126499530,willizi01,"['Signed 5-yr/$193M extension July 6, 2022']"
30,Ja Morant,MEM,$39446090,$42166510,$44886930,,,,$126499530,moranja01,"['Signed 5-yr/$193M extension July 6, 2022']"
31,Darius Garland,CLE,$39446090,$42166510,$44886930,,,,$126499530,garlada01,
32,Scottie Barnes,TOR,$38661750,$41754690,$44847630,$47940570,$51033510,,$224238150,barnesc01,"['Signed 5-yr/$224M contract July 8, 2024']"
33,Franz Wagner,ORL,$38661750,$41754690,$44847630,$47940570,$51033510,,$224238150,wagnefr01,"['Signed 5-yr/$224M contract July 6, 2024']"
34,Cade Cunningham,DET,$38661750,$41754690,$44847630,$47940570,$51033510,,$224238150,cunnica01,"['Signed 5-yr/$224M contract extension July 10, 2024']"
35,Shai Gilgeous-Alexander,OKC,$38333050,$40806150,,,,,$79139200,gilgesh01,"['Signed 5-yr/$179M extension August 6, 2021']"
36,Michael Porter Jr.,BRK,$38333050,$40806150,,,,,$50333050,portemi01,"['Traded from DEN to BRK July 8, 2025', '2026-27 is partially guaranteed', 'Signed 5-yr/$179', '3M rookie scale extension September 29, 2021']"
37,Brandon Ingram,TOR,$38095238,$40000000,$41904762,,,,$78095238,ingrabr01,"['2027-28 is a player option', 'Signed 3-yr/$120M contract extension February 12, 2025']"
38,Tyrese Maxey,PHI,$37958760,$40770520,$43582280,$46394040,,,$168705600,maxeyty01,"['Signed 5-yr/$204M contract July 7, 2024']"
39,LaMelo Ball,CHO,$37958760,$40770520,$43582280,$46394040,,,$168705600,ballla01,"['Signed 5-yr/$206M contract extension July 6, 2023']"
40,Bam Adebayo,MIA,$37096620,$48713700,$52610796,$56507892,,,$138421116,adebaba01,"['Signed extension July 6, 2024', 'Signed 5-yr/$163M max extension November 28, 2020']"
41,De'Aaron Fox,SAS,$37096620,,,,,,$37096620,foxde01,"['Traded from SAC to SAS February 3, 2025', 'Signed 5-yr $163M max extension November 24, 2020']"
42,Desmond Bane,ORL,$36725670,$39446090,$42166510,$44886930,,,$163225200,banede01,"['Traded from MEM to ORL June 15, 2025', 'Signed 5-yr/$206M contract extension July 8, 2023']"
43,Deandre Ayton,POR,$35550814,,,,,,$35550814,aytonde01,"['2026-27 is a player option', 'Signed 2-yr/$16', '6M contract July 6, 2025', 'Waived June 29, 2025', 'Traded from PHO to POR September 27, 2023', 'Signed 4-yr/$133M contract July 15, 2022']"
44,Jalen Suggs,ORL,$35000000,$32400000,$29600000,$26800000,$26700000,,$123800000,suggsja01,"['Signed 5-yr/$151M contract extension October 21, 2024']"
45,Rudy Gobert,MIN,$35000000,$36500000,$38000000,,,,$71500000,goberru01,"['Signed 3-yr/$110M contract extension October 24, 2024']"
46,Jaren Jackson Jr.,MEM,$35000000,,,,,,$35000000,jacksja02,"['Renegotiated and signed extension July 13, 2025', 'Signed 1-yr/$105M contract extension October 18, 2021']"
47,Jalen Brunson,NYK,$34944001,$37739521,$40535041,$43330561,,,$113218563,brunsja01,"['2028-29 is a player option', 'Signed 4-yr/$157M contract July 12, 2024']"
48,Alperen Şengün,HOU,$33944954,$35642202,$37339450,$39036697,$39036697,,$145963303,sengual01,
49,Jalen Green,PHO,$33333333,$36000000,$36000000,,,,$69333333,greenja05,"['Traded from HOU to PHO July 6, 2025', '2027-28 is a player option', 'Signed 3-yr/$105M contract extension October 21, 2024']"
50,Khris Middleton,WAS,$33296296,,,,,,$33296296,middlkh01,"['Exercised player option June 23, 2025', 'Traded from MIL to WAS February 6, 2025', '2025-26 is a player option', 'Signed 3-yr/$102M contract July 6, 2023']"
51,Immanuel Quickley,TOR,$32500000,$32500000,$32500000,$32500000,,,$130000000,quickim01,"['Signed 5-yr/$175M contract July 8, 2024']"
52,Jrue Holiday,POR,$32400000,$34800000,$37200000,,,,$67200000,holidjr01,"['Traded from BOS to POR July 7, 2025', 'Signed 4-yr/$135M contract extension April 11, 2024']"
53,Jerami Grant,POR,$32000001,$34206898,$36413790,,,,$66206899,grantje01,"['2027-28 is a player option', 'Signed 5-yr/$160M contract July 9, 2023']"
54,Jordan Poole,NOP,$31848215,$34044642,,,,,$65892857,poolejo01,"['Traded from WAS to NOP July 6, 2025', 'Traded from GSW to WAS July 6, 2023', 'Signed 4-yr/$140M rookie scale extension October 15, 2022']"
55,Dejounte Murray,NOP,$31557103,$33597072,$31619506,,,,$65154175,murrade01,"['Traded from ATL to NOP July 6, 2024', '2027-28 is a player option', 'Signed 4-yr/$114M contract extension July 9, 2023']"
56,Tyler Herro,MIA,$31000000,$33000000,,,,,$64000000,herroty01,"['Signed 4-yr/$120M contract extension October 2, 2022']"
57,Kristaps Porziņģis,ATL,$30731707,,,,,,$30731707,porzikr01,
58,CJ McCollum,WAS,$30666666,,,,,,$30666666,mccolcj01,"['Traded from NOP to WAS July 6, 2025', 'Signed 2-yr/$64M contract extension September 26, 2022']"
59,Jalen Johnson,ATL,$30000000,$30000000,$30000000,$30000000,$30000000,,$150000000,johnsja05,"['Signed 5-yr/$150M contract extension October 21, 2024']"
60,Isaiah Hartenstein,OKC,$28500000,$28500000,,,,,$28500000,harteis01,"['2026-27 is a team option', 'Signed 3-yr/$87M contract July 6, 2024']"
61,Andrew Wiggins,MIA,$28223215,$30169644,,,,,$28223215,wiggian01,"['Traded from GSW to MIA February 6, 2025', '2026-27 is a player option', 'Signed 4-yr/$109M contract extension October 15, 2022']"
62,Derrick White,BOS,$28100000,$30348000,$32596000,$34844000,,,$91044000,whitede01,"['2028-29 is a player option', 'Signed 4-yr/$118M contract July 6, 2024']"
63,RJ Barrett,TOR,$27705357,$29616071,,,,,$57321428,barrerj01,"['Traded from NYK to TOR December 30, 2023', 'Signed 4-yr/$120M contract extension on September 1, 2022']"
64,Anfernee Simons,BOS,$27678571,,,,,,$27678571,simonan01,"['Traded from POR to BOS July 7, 2025', 'Signed 4-yr/$100M contract July 6, 2022']"
65,Devin Vassell,SAS,$27000000,$27000000,$24652174,$27000000,,,$105652174,vassede01,"['Signed 5-yr/$135M rookie scale extension October 3, 2023']"
66,Terry Rozier,MIA,$26643031,,,,,,$26643031,roziete01,"['Traded from CHO to MIA January 23, 2024', 'Signed 4-yr/$96M contract August 24, 2021']"
67,Tobias Harris,DET,$26634146,,,,,,$26634146,harrito02,"['Signed 2-yr/$52M contract July 8, 2024']"
68,John Collins,LAC,$26580000,,,,,,$26580000,collijo01,"['Traded from UTA to LAC July 7, 2025', 'Option exercised June 25, 2025', 'Traded from ATL to UTA July 7, 2023', '2025-26 is a player option', 'Signed 5-yr/$125M contract August 6, 2021']"
69,Draymond Green,GSW,$25892857,$27678571,,,,,$53571428,greendr01,"['Signed 4-yr/$100M contract July 8, 2023']"
70,Nic Claxton,BRK,$25352272,$23147727,$20943184,,,,$69443183,claxtni01,"['Signed 4-yr/$97M contract July 6, 2024']"
71,Trey Murphy III,NOP,$25000000,$27000000,$29000000,$31000000,,,$112000000,murphtr02,"['Signed 4-yr/$112M contract extension October 21, 2024']"
72,Miles Bridges,CHO,$25000000,$22826087,,,,,$47826087,bridgmi02,"['Signed 3-yr/$75M contract July 14, 2024']"
73,Mikal Bridges,NYK,$24900000,,,,,,$24900000,bridgmi01,"['Traded from BRK to NYK July 6, 2024', 'Traded from PHO to BRK February 9, 2023', 'Signed 4-yr/$90M extension October 18, 2021']"
74,Jaden McDaniels,MIN,$24858622,$26700001,$28541380,$30382755,,,$110482758,mcdanja02,"['Signed 5-yr/$131M contract extension October 23, 2023']"
75,DeMar DeRozan,SAC,$24570000,$25740000,,,,,$24570000,derozde01,"['Traded from CHI to SAC July 8, 2024', 'Signed 3-yr/$70M contract July 8, 2024']"
76,De'Andre Hunter,CLE,$23303571,$24910714,,,,,$48214285,huntede01,
77,Aaron Gordon,DEN,$22841455,$31978037,$34536280,$37094523,,,$89355772,gordoaa01,"['Signed extension October 21, 2024', 'Player option exercised October 21, 2024', '2025-26 is a player option', 'Signed 4-yr/$86', '6M contract September 27, 2021']"
78,Kyle Kuzma,MIL,$22410605,$20345152,,,,,$42755757,kuzmaky01,"['Traded from WAS to MIL February 6, 2025', 'Signed 4-yr/$90M contract July 7, 2023']"
79,Kentavious Caldwell-Pope,MEM,$21621500,$21621500,,,,,$21621500,caldwke01,"['Traded from ORL to MEM June 15, 2025', '2026-27 is a player option', 'Signed 3-yr/$66M contract July 6, 2024']"
80,Marcus Smart,WAS,$21586855,,,,,,$21586855,smartma01,"['Signed 2-yr/$11M contract July 22, 2025', 'Waived July 20, 2025', 'Traded from MEM to WAS February 6, 2025', 'Traded from BOS to MEM June 23, 2023', 'Signed 4-yr/$76M contract extension August 21, 2021']"
81,Nikola Vučević,CHI,$21481481,,,,,,$21481481,vucevni01,
82,Dillon Brooks,PHO,$21124110,$19992727,,,,,$41116837,brookdi01,"['Traded from HOU to PHO July 6, 2025', 'Traded from MEM to HOU July 8, 2023', 'Signed 4-yr/$86M contract July 8, 2023']"
83,Cameron Johnson,DEN,$20543478,$22500000,,,,,$43043478,johnsca02,"['Traded from BRK to DEN July 8, 2025', 'Signed 4-yr/$108M contract July 6, 2023']"
84,Norman Powell,MIA,$20482758,,,,,,$20482758,powelno01,"['Traded from LAC to MIA July 7, 2025', 'Traded from POR to LAC February 4, 2022', 'Signed 5-yr/$90M contract August 6, 2021']"
85,Jarrett Allen,CLE,$20000000,$28000000,$30240000,$32480000,,,$110720000,allenja01,
86,Jakob Poeltl,TOR,$19500000,$19500000,,,,,$39000000,poeltja01,"['Option exercised and extension signed July 7, 2025', '2026-27 is a player option', 'Signed 4-yr/$78M contract July 6, 2023']"
87,Josh Hart,NYK,$19472240,$20923760,$22375280,,,,$40396000,hartjo01,"['Signed 4-yr/$81M contract extension August 10, 2023']"
88,Jusuf Nurkić,CHO,$19375000,,,,,,$19375000,nurkiju01,"['Traded from PHO to CHO February 6, 2025', 'Traded from POR to PHO September 27, 2023', 'Signed 4-yr/$70M contract July 6, 2022']"
89,Collin Sexton,UTA,$19175000,,,,,,$19175000,sextoco01,"['Signed 4-yr/$72M contract with CLE September 3, 2022 as part of a sign and trade deal with UTA']"
90,Harrison Barnes,SAS,$19000000,,,,,,$19000000,barneha02,"['Traded from SAC to SAS July 8, 2024', 'Signed 3-yr/$54M contract extension June 29, 2023']"
91,Malik Monk,SAC,$18797619,$20190035,$21582451,,,,$38987654,monkma01,"['2027-28 is a player option', 'Signed 4-yr/$78M contract July 6, 2024']"
92,Rui Hachimura,LAL,$18259259,,,,,,$18259259,hachiru01,"['Signed 3-yr/$51M contract July 6, 2023']"
93,Alex Caruso,OKC,$18102000,$19550160,$20998320,$22446480,,,$81096960,carusal01,"['Signed 4-yr/$81M contract extension December 22, 2024']"
94,Ivica Zubac,LAC,$18102000,$19550160,$20998320,,,,$58650480,zubaciv01,"['Signed 3-yr/$59M contract extension September 3, 2024']"
95,Andrew Nembhard,IND,$18102000,$19550160,$20998320,,,,$58650480,nembhan01,"['Signed 3-year/$59M contract extension July 26, 2024']"
96,Zach Collins,CHI,$18080496,,,,,,$18080496,colliza01,"['Traded from SAS to CHI February 3, 2025', 'Signed 2-yr/$35M contract extension October 23, 2023']"
97,Patrick Williams,CHI,$18000000,$18000000,$18000000,$18000000,,,$54000000,willipa01,"['2028-29 is a player option', 'Signed 5-yr/$90M contract July 6, 2024']"
98,Kevin Huerter,CHI,$17991071,,,,,,$17991071,huertke01,"['Traded from SAC to CHI February 3, 2025', 'Traded from ATL to SAC July 6, 2022', 'Signed 4-yr/$65M contract October 18, 2021']"
99,Luguentz Dort,OKC,$17722222,$17722222,,,,,$17722222,dortlu01,"['2026-27 is a team option', 'Signed 5-yr/$82', '5M contract July 6, 2022']"
100,Keldon Johnson,SAS,$17500000,$17500000,,,,,$35000000,johnske04,"['Signed 4-yr/$80M contract extension July 18, 2022']"
101,Grayson Allen,PHO,$16875000,$18125000,$19375000,,,,$35000000,allengr01,"['2027-28 is a player option', 'Signed 4-yr/$70M contract extension April 15, 2024']"
102,Klay Thompson,DAL,$16666667,$17460317,,,,,$34126984,thompkl01,"['Traded from GSW to DAL July 6, 2024', 'Signed 3-yr/$50M contract July 6, 2024']"
103,Bogdan Bogdanović,LAC,$16020000,$16020000,,,,,$16020000,bogdabo01,"['Traded from ATL to LAC February 6, 2025', '2026-27 is a team option', 'Signed 4-yr/$68M contract extension March 16, 2023']"
104,Max Strus,CLE,$15936452,$16660836,,,,,$32597288,strusma01,
105,Terance Mann,BRK,$15500000,$15500000,$16000000,,,,$47000000,mannte01,"['Traded from ATL to BRK July 7, 2025', 'Signed 3-yr/$47M contract extension October 1, 2024']"
106,Paolo Banchero,ORL,$15334769,,,,,,$15334769,banchpa01,"['Option exercised October 4, 2024', '2024-25 option exercised October 4, 2023', '2024-25 and 2025-26 are team options', 'Signed rookie scale contract on July 1, 2022']"
107,Onyeka Okongwu,ATL,$15000000,$16120000,$16880000,,,,$48000000,okongon01,"['Signed 4-yr/$62M contract extension October 23, 2023']"
108,Jonathan Isaac,ORL,$15000000,$14500000,$14500000,$15000000,,,$44000000,isaacjo01,"['Signed 4-yr/$59M contract extension July 6, 2024']"
109,Isaiah Stewart,DET,$15000000,$15000000,$15000000,,,,$30000000,stewais01,"['2027-28 is a team option', 'Signed 4-yr/$60M contract extension July 11, 2023']"
110,Daniel Gafford,DAL,$14386320,,,,,,$14386320,gaffoda01,"['Traded from WAS to DAL February 8, 2024', 'Signed 3-yr/$40M extension October 18, 2021']"
111,Deni Avdija,POR,$14375000,$13125000,$11875000,,,,$39375000,avdijde01,"['Traded from WAS to POR July 6, 2024', 'Signed 4-yr/$55M contract extension October 23, 2023']"
112,Jordan Clarkson,UTA,$14285714,,,,,,$14285714,clarkjo01,"['Signed 1-yr minimum contract July 7, 2025', 'Waived July 1, 2025', 'Signed 2-yr contract extension July 7, 2023']"
113,P.J. Washington,DAL,$14152174,,,,,,$14152174,washipj01,"['Traded from CHO to DAL February 8, 2024', 'Signed 3-yr/$48M contract August 29, 2023']"
114,Obi Toppin,IND,$14000000,$15000000,$16025000,,,,$45025000,toppiob01,"['Signed 4-yr/$58M contract July 6, 2024']"
115,Corey Kispert,WAS,$13975000,$13975000,$13050000,$13050000,,,$41000000,kispeco01,"['2028-29 is a team option', 'Signed 4-yr/$54M contract extension October 21, 2024']"
116,Herbert Jones,NOP,$13937574,$14898786,,,,,$28836360,joneshe01,"['Signed 3-yr/$68M contract July 14, 2025', 'Signed 4-yr/$56M contract July 6, 2023']"
117,Austin Reaves,LAL,$13937574,$14898786,,,,,$13937574,reaveau01,"['2026-27 is a player option', 'Signed 4-yr/$56M contract July 6, 2023']"
118,Cooper Flagg,DAL,$13825920,$14517480,$15208680,$19178146,,,$28343400,flaggco01,"['2027-28 and 2028-29 are team options', 'Signed rookie scale contract on July 2, 2025']"
119,Chet Holmgren,OKC,$13731368,,,,,,$13731368,holmgch01,"['Option exercised October 23, 2024', 'Option exercised October 21, 2023', '2024-25 and 2025-26 are team options', 'Signed rookie scale contract on July 1, 2022']"
120,Josh Green,CHO,$13666667,$14679012,,,,,$28345679,greenjo02,"['Traded from DAL to CHO July 6, 2024', 'Signed 3-yr/$41M contract extension October 23, 2023']"
121,Grant Williams,CHO,$13645500,$14265750,,,,,$27911250,willigr01,"['Traded from DAL to CHO February 8, 2024', 'Traded from BOS to DAL July 12, 2023', 'Signed 4-yr/$53M contract July 11, 2023']"
122,Kelly Olynyk,SAS,$13445122,,,,,,$13445122,olynyke01,"['Traded from WAS to SAS July 9, 2025', 'Traded from NOP to WAS July 6, 2025', 'Traded from TOR to NOP February 6, 2025', 'Signed 2-yr/$26M contract March 4, 2024']"
123,Victor Wembanyama,SAS,$13376880,$16868246,,,,,$13376880,wembavi01,"['Option exercised October 18, 2024', '2025-26 and 2026-27 are team options', 'Signed 4-yr/$55M rookie scale contract July 1, 2023']"
124,Robert Williams,POR,$13285713,,,,,,$13285713,williro04,"['Traded from BOS to POR October 1, 2023', 'Signed 4-yr/$48M contract extension August 24, 2021']"
125,Zaccharie Risacher,ATL,$13197720,$13826040,$17434637,,,,$13197720,risacza01,"['2026-27 and 2027-28 are team options', 'Signed rookie scale contract on July 6, 2024']"
126,Cole Anthony,MEM,$13100000,,,,,,$13100000,anthoco01,"['Waived July 12, 2025', 'Traded from ORL to MEM June 15, 2025', '2026-27 is a team option', 'Signed 3-yr/$39M contract extension October 23, 2023', 'Signed 1-yr minimum contract July 16, 2025']"
127,Mitchell Robinson,NYK,$12954546,,,,,,$12954546,robinmi01,"['Signed 4-yr/$60M contract July 12, 2022']"
128,Coby White,CHI,$12888889,,,,,,$12888889,whiteco01,"['Signed 3-yr/$33M contract July 7, 2023']"
129,Brandon Clarke,MEM,$12500000,$12500000,,,,,$25000000,clarkbr01,"['Signed 4-yr/$50M contract extension October 16, 2022']"
130,Dylan Harper,SAS,$12370320,$12989040,$13607760,$17172994,,,$25359360,harpedy01,"['2027-28 and 2028-29 are team options', 'Signed rookie scale contract on July 3, 2025']"
131,Isaiah Joe,OKC,$12362338,$11323006,$11323006,,,,$23685344,joeis01,"['Signed 4-yr/$48M contract July 7, 2024']"
132,Jabari Smith Jr.,HOU,$12350392,,,,,,$12350392,smithja05,"['Option exercised October 30, 2024', 'Option exercised October 30, 2023', '2024-25 and 2025-26 are team options', 'Signed rookie scale contract on July 1, 2022']"
133,Donte DiVincenzo,MIN,$11990000,$12535000,,,,,$24525000,divindo01,"['Traded from NYK to MIN October 2, 2024', 'Signed 4-yr/$50M contract July 8, 2023']"
134,Brandon Miller,CHO,$11968800,$15104626,,,,,$11968800,millebr02,"['Option exercised October 30, 2024', '2025-26 and 2026-27 are team options', 'Signed 4-yr/$49M rookie scale contract July 2, 2023']"
135,Alex Sarr,WAS,$11808240,$12370680,$15611798,,,,$11808240,sarral01,"['2026-27 and 2027-28 are team options', 'Signed rookie scale contract on July 6, 2024']"
136,Moses Moody,GSW,$11574075,$12500000,$13425925,,,,$37500000,moodymo01,"['Signed 3-yr/$38M contract extension October 21, 2024']"
137,Jarred Vanderbilt,LAL,$11571429,$12428571,$13285714,,,,$24000000,vandeja01,"['2027-28 is a player option', 'Signed 4-yr/$48M contract extension September 18, 2023']"
138,Matisse Thybulle,POR,$11550000,,,,,,$11550000,thybuma01,"['Exercised player option June 24, 2025', '2025-26 is a player option', 'Signed 3-yr/$33M contract July 7, 2023']"
139,Gabe Vincent,LAL,$11500000,,,,,,$11500000,vincega01,"['Signed 3-yr/$33M contract July 6, 2023']"
140,Keegan Murray,SAC,$11144093,,,,,,$11144093,murrake02,"['Option exercised October 3, 2024', 'Option exercised October 21, 2023', '2024-25 and 2025-26 are team options', 'Signed rookie scale contract on July 2, 2022']"
141,VJ Edgecombe,PHI,$11108880,$11663880,$12219720,$15445727,,,$22772760,edgecvj01,"['2027-28 and 2028-29 are team options', 'Signed rookie scale contract on July 1, 2025']"
142,Luke Kornet,SAS,$11000000,$10450000,$9900000,$9350000,,,$24000000,kornelu01,"['2028-29 is a team option', '2027-28 is partially guaranteed', 'Signed 4-yr/$40', '7M contract July 7, 2025']"
143,Isaac Okoro,CHI,$11000000,$11814814,,,,,$22814814,okorois01,"['Traded from CLE to CHI July 6, 2025', 'Signed 3-yr/$38M contract September 17, 2024']"
144,Aaron Nesmith,IND,$11000000,$11000000,,,,,$22000000,nesmiaa01,"['Signed 3-yr/$33M extension contract October 23, 2023']"
145,Maxi Kleber,LAL,$11000000,,,,,,$11000000,klebima01,"['Traded from DAL to LAL February 2, 2025', 'Signed 3-yr/$33M extension September 8, 2022']"
146,Wendell Carter Jr.,ORL,$10850000,$18102000,$19550160,$20998320,,,$48502160,cartewe01,"['Signed extension October 8, 2024', 'Signed 4-yr/$50M extension October 16, 2021']"
147,Mike Conley,MIN,$10774038,,,,,,$10774038,conlemi01,"['SIgned 2-yr/$21M contract extension February 22, 2024']"
148,Scoot Henderson,POR,$10748040,$13585523,,,,,$10748040,hendesc01,"['Option exercised October 19, 2024', '2025-26 and 2026-27 are team options', 'Signed 4-yr/$44M rookie scale contract July 1, 2023']"
149,Reed Sheppard,HOU,$10603560,$11108880,$14041625,,,,$10603560,sheppre01,"['2026-27 and 2027-28 are team options', 'Signed rookie scale contract on July 2, 2024']"
150,Jonas Valančiūnas,DEN,$10395000,$10000000,,,,,$10395000,valanjo01,
151,T.J. McConnell,IND,$10200000,$11000000,$11800000,$11800000,,,$33000000,mccontj01,"['2028-29 is a team option', 'Signed 4-yr/$45M contract extension September 3, 2024']"
152,Royce O'Neale,PHO,$10125000,$10875000,$11625000,,,,$32625000,onealro01,"['Signed 4-yr/$42M contract July 6, 2024']"
153,Jaden Ivey,DET,$10107163,,,,,,$10107163,iveyja01,"['Option exercised October 21, 2024', 'Option exercised October 31, 2023', '2024-25 and 2025-26 are team options', 'Signed rookie scale contract on July 2, 2022']"
154,Sam Hauser,BOS,$10044644,$10848215,$11651785,$12455356,,,$45000000,hausesa01,"['Signed 4-yr/$45M contract extension July 23, 2024']"
155,Kon Knueppel,CHO,$10015680,$10516560,$11017560,$13937214,,,$20532240,knuepko01,"['2027-28 and 2028-29 are team options', 'Signed rookie scale contract on July 3, 2025']"
156,Derrick Jones Jr.,LAC,$10000000,$10476190,,,,,$20476190,jonesde02,"['Signed 3-yr/$30M contract July 9, 2024']"
157,Lonzo Ball,CLE,$10000000,$10000000,,,,,$10000000,balllo01,
158,Duncan Robinson,MIA,$9888000,,,,,,$9888000,robindu01,"['2027-28 is not guaranteed', '2026-27 is partially guaranteed', 'Signed 3-yr/$48M contract July 7, 2025 with MIA and immediately traded to DET', 'Terminated June 29, 2025', '2025-26 partially guaranteed and early termination option', 'Signed 5-yr/$90M contract August 6, 2021']"
159,Amen Thompson,HOU,$9690600,$12258609,,,,,$9690600,thompam01,"['Option exercised October 30, 2024', '2025-26 and 2026-27 are team options', 'Signed 4-yr/$40M rookie scale contract July 3, 2023']"
160,Aaron Wiggins,OKC,$9672897,$8831776,$7990655,$7990655,,,$34485983,wiggiaa01,"['Signed 5-yr/$47M contract July 7, 2024']"
161,Caleb Martin,DAL,$9594044,$10001493,$9371351,,,,$19595537,martica02,"['Traded from PHI to DAL February 4, 2025', '2027-28 is a player option', 'Signed 4-yr/$35M contract July 6, 2024']"
162,Stephon Castle,SAS,$9560520,$10015920,$12670139,,,,$9560520,castlst01,"['2026-27 and 2027-28 are team options', 'Signed rookie scale contract on July 2, 2024']"
163,Pat Connaughton,CHO,$9423869,,,,,,$9423869,connapa01,"['Traded from MIL to CHO June 7, 2025', 'Exercised player option June 21, 2025', 'Signed 3-yr/$28M contract extension July 18, 2022']"
164,Buddy Hield,GSW,$9219512,$9658536,$10097560,,,,$18878048,hieldbu01,"['2027-28 is a player option', 'Traded from PHI to GSW July 6, 2024', 'Signed 4-yr/$38M contract July 6, 2024']"
165,Kyle Anderson,UTA,$9219512,$9658536,,,,,$9219512,anderky01,"['Traded from MIA to UTA July 7, 2025', 'Traded from GSW to MIA February 6, 2025', '2026-27 is not guaranteed', 'Traded from MIN to GSW July 6, 2024', 'Signed 3-yr/$28M contract July 6, 2024']"
166,Bennedict Mathurin,IND,$9187573,,,,,,$9187573,mathube01,"['Option exercised October 18, 2024', 'Option exercised October 13, 2023', '2024-25 and 2025-26 are team options', 'Signed rookie scale contract on July 3, 2022']"
167,Ace Bailey,UTA,$9069840,$9523080,$9976560,$12640302,,,$18592920,baileac01,"['2027-28 and 2028-29 are team options', 'Signed rookie scale contract on July 2, 2025']"
168,Naji Marshall,DAL,$9000000,$9428571,,,,,$18428571,marshna01,"['Signed 3-yr/$27M contract July 6, 2024']"
169,Jalen Smith,CHI,$9000000,$9428571,,,,,$18428571,smithja04,"['Signed 3-yr/$27M contract July 8, 2024']"
170,Ausar Thompson,DET,$8775000,$11117925,,,,,$8775000,thompau01,"['Option exercised October 21, 2024', '2025-26 and 2026-27 are team options', 'Signed 4-yr/$36M rookie scale contract July 2, 2023']"
171,Ron Holland,DET,$8657280,$9069600,$11491183,,,,$8657280,hollaro01,"['2026-27 and 2027-28 are team options', 'Signed rookie scale contract on July 6, 2024']"
172,Shaedon Sharpe,POR,$8399983,,,,,,$8399983,sharpsh01,"['Option exercised October 19, 2024', 'Option exercised October 10, 2023', '2024-25 and 2025-26 are team options', 'Signed rookie scale contract on July 1, 2022']"
173,Kelly Oubre Jr.,PHI,$8382150,,,,,,$8382150,oubreke01,"['Option exercised June 29, 2025', '2025-26 is a player option', 'Signed 2-yr/$16M contract July 7, 2024']"
174,Goga Bitadze,ORL,$8333333,$7608696,,,,,$15942029,bitadgo01,"['Signed 3-yr/$25M contract July 6, 2024']"
175,Simone Fontecchio,MIA,$8307692,,,,,,$8307692,fontesi01,"['Traded from DET to MIA July 7, 2025', 'Signed 2-yr/$16M contract July 12, 2024']"
176,Georges Niang,BOS,$8200000,,,,,,$8200000,niangge01,"['Traded from ATL to BOS July 7, 2025', 'Traded from CLE to ATL February 6, 2025', 'Signed 3-yr/$26M contract July 6, 2023']"
177,Zeke Nnaji,DEN,$8177778,$7466667,$7466667,,,,$15644445,nnajize01,"['2027-28 is a player option', 'Signed 4-yr/$32M contract extension October 23, 2023']"
178,Vasilije Micić,MIL,$8109150,,,,,,$8109150,micicva01,"['Waived July 6, 2025', 'Traded from CHO to MIL July 6, 2025', 'Traded from PHO to CHO June 30, 2025', 'Option exercised June 28, 2025', 'Traded from CHO to PHO February 6, 2025', 'Traded from OKC to CHO February 8, 2024', 'Signed 3-yr/$23', '5M contract July 17, 2023']"
179,KJ Martin,UTA,$8025000,,,,,,,martike04,"['Traded from DET to UTA February 6, 2025', 'Traded from PHI to DET February 6, 2025', '2025-26 is not guaranteed', 'Signed 2-yr/$16M contract July 15, 2024']"
180,Jock Landale,HOU,$8000000,,,,,,$8000000,landajo01,"['Waived July 3, 2025', '2026-27 is a team option', '2024-25 and 2025-26 are not guaranteed', 'Signed 4-yr/$32M contract July 6, 2023', 'Signed 1-yr minimum contract July 15, 2025']"
181,Anthony Black,ORL,$7970280,$10106316,,,,,$7970280,blackan01,"['Option exercised October 4, 2024', '2025-26 and 2026-27 are team options', 'Signed 4-yr/$33M rookie scale contract July 1, 2023']"
182,Tidjane Salaün,CHO,$7863240,$8237880,$10445633,,,,$7863240,salauti01,"['2026-27 and 2027-28 are team options', 'Signed rookie scale contract on July 3, 2024']"
183,Max Christie,DAL,$7714286,$8285714,$8857143,,,,$16000000,chrisma02,"['Traded from LAL to DAL February 2, 2025', '2027-28 is a player option', 'Signed 4-yr/$32M contract July 6, 2024']"
184,Dyson Daniels,ATL,$7707709,,,,,,$7707709,daniedy01,"['Option exercised October 30, 2024', 'Traded from NOP to ATL July 6, 2024', 'Option exercised October 19, 2023', '2024-25 and 2025-26 are team options', 'Signed rookie scale contract on July 8, 2022']"
185,Jeremiah Fears,NOP,$7520040,$7896240,$8271960,$10505389,,,$15416280,fearsje01,"['2027-28 and 2028-29 are team options', 'Signed rookie scale contract on July 5, 2025']"
186,Ayo Dosunmu,CHI,$7518518,,,,,,$7518518,dosunay01,"['Signed 3-yr/$21M contract July 22, 2023']"
187,Bilal Coulibaly,WAS,$7275600,$9240012,,,,,$7275600,coulibi01,"['Option exercised October 29, 2024', '2025-26 and 2026-27 are team options', 'Signed 4-yr/$30M rookie scale contract July 2, 2023']"
188,Payton Pritchard,BOS,$7232143,$7767857,$8303571,,,,$23303571,pritcpa01,"['Signed 4-yr/$30M rookie scale extension October 10, 2023']"
189,Donovan Clingan,POR,$7178400,$7519920,$9550298,,,,$7178400,clingdo01,"['2026-27 and 2027-28 are team options', 'Signed rookie scale contract on July 4, 2024']"
190,Kenrich Williams,OKC,$7163000,$7163000,,,,,$7163000,willike04,"['2026-27 is a team option', 'Signed 4-yr/$27M extension July 20, 2022']"
191,Jeremy Sochan,SAS,$7096231,,,,,,$7096231,sochaje01,"['Option exercised October 18, 2024', 'Option exercised October 23, 2023', '2024-25 and 2025-26 are team options', 'Signed rookie scale contract on July 8, 2022']"
192,Egor Demin,BRK,$6889200,$7233720,$7578240,$9639522,,,$14122920,demineg01,"['2027-28 and 2028-29 are team options', 'Signed rookie scale contract on July 3, 2025']"
193,Jevon Carter,CHI,$6809524,,,,,,$6809524,carteje01,"['Exercised player option June 23, 2025', '2025-26 is a player option', 'Signed 3-yr/$19', '5M contract July 10, 2023']"
194,Ousmane Dieng,OKC,$6670882,,,,,,$6670882,diengou01,"['Option exercised October 23, 2024', 'Option exercised October 21, 2023', '2024-25 and 2025-26 are team options', 'Signed rookie scale contract on July 5, 2022']"
195,Jarace Walker,IND,$6665520,$8478542,,,,,$6665520,walkeja02,"['Option exercised October 18, 2024', '2025-26 and 2026-27 are team options', 'Signed 4-yr/$28M rookie scale contract July 1, 2023']"
196,Dean Wade,CLE,$6623456,,,,,,,wadede01,
197,Jalen Williams,OKC,$6580997,,,,,,$6580997,willija06,"['Option exercised October 23, 2024', 'Option exercised October 21, 2023', '2024-25 and 2025-26 are team options', 'Signed rookie scale contract on July 1, 2022']"
198,Rob Dillingham,MIN,$6576120,$6889320,$8763216,,,,$6576120,dilliro01,"['2026-27 and 2027-28 are team options', 'Signed rookie scale contract on July 8, 2024']"
199,Jalen Duren,DET,$6483144,,,,,,$6483144,durenja01,"['Option exercised October 21, 2024', 'Option exercised October 31, 2023', '2024-25 and 2025-26 are team options', 'Signed rookie scale contract on July 7, 2022']"
200,Ochai Agbaji,TOR,$6383525,,,,,,$6383525,agbajoc01,"['Option exercised October 29, 2024', 'Traded from UTA to TOR February 8, 2024', 'Option exercised October 23, 2023', 'Traded from CLE to UTA September 3, 2022', '2024-25 and 2025-26 are team options', 'Signed rookie scale contract on July 2, 2022']"
201,Collin Murray-Boyles,TOR,$6332520,$6649560,$6966000,$8874684,,,$12982080,murraco01,"['2027-28 and 2028-29 are team options', 'Signed rookie scale contract on July 1, 2025']"
202,Mark Williams,PHO,$6276531,,,,,,$6276531,willima07,"['Traded from CHO to PHO June 30, 2025', 'Option exercised October 30, 2024', 'Option exercised October 31, 2023', '2024-25 and 2025-26 are team options', 'Signed rookie scale contract on July 2, 2022']"
203,John Konchar,MEM,$6165000,$6165000,,,,,$12330000,konchjo01,"['Signed 3-yr/$18', '5M contract extension July 7, 2022']"
204,Taylor Hendricks,UTA,$6127080,$7805900,,,,,$6127080,hendrta01,"['Option exercised October 21, 2024', '2025-26 and 2026-27 are team options', 'Signed 4-yr/$25M rookie scale contract July 2, 2023']"
205,Saddiq Bey,NOP,$6118644,$6440678,,,,,$12559322,beysa01,"['Traded from WAS to NOP July 6, 2025', 'Signed 3-yr/$19M contract July 11, 2024']"
206,Zach Edey,MEM,$6045000,$6332760,$8067937,,,,$6045000,edeyza01,"['2026-27 and 2027-28 are team options', 'Signed rookie scale contract on July 6, 2024']"
207,Khaman Maluach,PHO,$6016080,$6316680,$6617160,$8436880,,,$12332760,maluakh01,"['2027-28 and 2028-29 are team options', 'Signed rookie scale contract on July 7, 2025']"
208,Jaden Hardy,DAL,$6000000,$6000000,$6000000,,,,$12000000,hardyja02,"['2027-28 is a team option', 'Signed 3-yr/$18M contract extension October 22, 2024']"
209,Cason Wallace,OKC,$5820240,$7420806,,,,,$5820240,wallaca01,"['Option exercised October 23, 2024', '2025-26 and 2026-27 are team options', 'Signed 4-yr/$24M rookie scale contract July 7, 2023']"
210,Cody Williams,UTA,$5742480,$6015600,$7669890,,,,$5742480,willico04,"['2026-27 and 2027-28 are team options', 'Signed rookie scale contract on July 2, 2024']"
211,Cedric Coward,MEM,$5715120,$6001080,$6286920,$8342743,,,$11716200,cowarce01,"['2027-28 and 2028-29 are team options', 'Signed rookie scale contract on July 7, 2025']"
212,Tari Eason,HOU,$5675766,,,,,,$5675766,easonta01,"['Option exercised October 30, 2024', 'Option exercised October 30, 2023', '2024-25 and 2025-26 are team options', 'Signed rookie scale contract on July 1, 2022']"
213,Haywood Highsmith,MIA,$5616000,,,,,,$5616000,highsha01,"['Signed 2-yr/$11M contract July 8, 2024']"
214,Jett Howard,ORL,$5529720,$7337939,,,,,$5529720,howarje01,"['Option exercised October 4, 2024', '2025-26 and 2026-27 are team options', 'Signed 4-yr/$23M rookie scale contract July 1, 2023']"
215,Matas Buzelis,CHI,$5455560,$5715360,$7584283,,,,$5455560,buzelma01,"['2026-27 and 2027-28 are team options', 'Signed rookie scale contract on July 2, 2024']"
216,Noa Essengue,CHI,$5429520,$5701200,$5972760,$8230464,,,$11130720,essenno01,"['2027-28 and 2028-29 are team options', 'Signed rookie scale contract on July 4, 2025']"
217,Dario Šarić,SAC,$5426400,,,,,,$5426400,saricda01,
218,Kris Dunn,LAC,$5426400,$5684800,,,,,$5426400,dunnkr01,"['Traded from UTA to LAC July 18, 2024', 'Signed 3-yr/$17M contract July 18, 2024']"
219,Dalen Terry,CHI,$5399118,,,,,,$5399118,terryda01,"['option exercised September 26, 2024', 'option exercised October 31, 2023', '2024-25 and 2025-26 are team options', 'Signed rookie scale contract on July 7, 2022']"
220,Dereck Lively II,DAL,$5253360,$7239131,,,,,$5253360,livelde01,"['Option exercised October 23, 2024', '2025-26 and 2026-27 are team options', 'Signed rookie scale contract on July 8, 2023']"
221,Nikola Topić,OKC,$5182920,$5429760,$7482210,,,,$5182920,topicni01,"['2026-27 and 2027-28 are team options', 'Signed rookie scale contract on July 6, 2024']"
222,Derik Queen,NOP,$5157960,$5416080,$5673840,$8107918,,,$10574040,queende01,"['2027-28 and 2028-29 are team options', 'Signed rookie scale contract on July 5, 2025']"
223,Andre Drummond,PHI,$5000000,,,,,,$5000000,drumman01,"['Option exercised June 27, 2025', '2025-26 is a player option', 'Signed 2-yr/$10M contract July 7, 2024']"
224,Moritz Wagner,ORL,$5000000,,,,,,$5000000,wagnemo01,"['Signed 1-yr/$5M contract July 7, 2025']"
225,Nick Richards,PHO,$5000000,,,,,,,richani01,"['Traded from CHO to PHO January 15, 2025', '2025-26 is not guaranteed', 'Signed 3-yr/$15M contract extension March 22, 2023']"
226,Gradey Dick,TOR,$4990560,$7131511,,,,,$4990560,dickgr01,"['Option exercised October 29, 2024', '2025-26 and 2026-27 are team options', 'Signed 4-yr/$21M rookie scale contract July 2, 2023']"
227,Malaki Branham,WAS,$4962033,,,,,,$4962033,branhma01,"['Traded from SAS to WAS July 9, 2025', 'Option exercised October 18, 2024', 'Option exercised October 23, 2023', '2024-25 and 2025-26 are team options', 'Signed rookie scale contract on July 8, 2022']"
228,Devin Carter,SAC,$4923720,$5158080,$7370897,,,,$4923720,cartede02,"['2026-27 and 2027-28 are team options', 'Signed rookie scale contract on July 9, 2024']"
229,Christian Braun,DEN,$4921797,,,,,,$4921797,braunch01,"['Option exercised October 9, 2024', 'Option exercised October 10, 2023', '2024-25 and 2025-26 are team options', 'Signed rookie scale contract on July 3, 2022']"
230,Carter Bryant,SAS,$4900320,$5145360,$5390640,$7983539,,,$10045680,bryanca01,"['2027-28 and 2028-29 are team options', 'Signed rookie scale contract on July 3, 2025']"
231,Walker Kessler,UTA,$4878938,,,,,,$4878938,kesslwa01,"['Option exercised October 21, 2024', 'Option exercised October 23, 2023', '2024-25 and 2025-26 are team options', 'Signed rookie scale contract on July 9, 2022']"
232,Jordan Hawkins,NOP,$4741320,$7021895,,,,,$4741320,hawkijo01,"['Option exercised October 4, 2024', '2025-26 and 2026-27 are team options', 'Signed 4-yr/$21M rookie scale contract July 3, 2023']"
233,Blake Wesley,WAS,$4726328,,,,,,$4726328,weslebl01,"['Signed 1-yr contract July 21, 2025', 'Waived July 19, 2025', 'Traded from SAS to WAS July 9, 2025', 'Option exercised October 18, 2024', 'Option exercised October 23, 2023', '2024-25 and 2025-26 are team options', 'Signed rookie scale contract on July 5, 2022']"
234,Bub Carrington,WAS,$4677600,$4900560,$7257730,,,,$4677600,carrica01,"['2026-27 and 2027-28 are team options', 'Signed rookie scale contract on July 7, 2024']"
235,Thomas Sorber,OKC,$4655040,$4887720,$5120400,$7849573,,,$9542760,sorbeth01,"['2027-28 and 2028-29 are team options', 'Signed rookie scale contract on July 3, 2025']"
236,Kobe Bufkin,ATL,$4503720,$6904203,,,,,$4503720,bufkiko01,"['Option exercised October 30, 2024', '2025-26 and 2026-27 are team options', 'Signed rookie scale contract on July 3, 2023']"
237,Jose Alvarado,NOP,$4500000,$4500000,,,,,$4500000,alvarjo01,"['2026-27 is a player option', 'Signed 2-yr/$9M contract extension September 30, 2024']"
238,Nikola Jović,MIA,$4445417,,,,,,$4445417,jovicni01,"['Option exercised September 5, 2024', 'Option exercised October 3, 2023', '2024-25 and 2025-26 are team options', 'Signed rookie scale contract on July 2, 2022']"
239,Kel'el Ware,MIA,$4443360,$4654920,$7135992,,,,$4443360,wareke01,"['2026-27 and 2027-28 are team options', 'Signed rookie scale contract on July 1, 2024']"
240,Yang Hansen,POR,$4422360,$4643520,$4864920,$7462788,,,$9065880,yangha01,"['2027-28 and 2028-29 are team options', 'Signed rookie scale contract on July 1, 2025']"
241,Peyton Watson,DEN,$4356476,,,,,,$4356476,watsope01,"['Option exercised October 9, 2024', 'Option exercised October 12, 2023', '2024-25 and 2025-26 are team options', 'Signed rookie scale contract on July 3, 2022']"
242,Miles McBride,NYK,$4333333,$3956523,,,,,$8289856,mcbrimi01,"['Signed 3-yr/$13M contract extension December 30, 2023']"
243,Keyonte George,UTA,$4278960,$6563925,,,,,$4278960,georgke01,"['Option exercised October 21, 2024', '2025-26 and 2026-27 are team options', 'Signed 4-yr/$19M rookie scale contract July 2, 2023']"
244,Jared McCain,PHI,$4221360,$4422600,$6784268,,,,$4221360,mccaija01,"['2026-27 and 2027-28 are team options', 'Signed rookie scale contract on July 4, 2024']"
245,Joan Beringer,MIN,$4201080,$4411200,$4621200,$7098163,,,$8612280,berinjo01,"['2027-28 and 2028-29 are team options', 'Signed rookie scale contract on July 7, 2025']"
246,Kevin Love,UTA,$4150000,,,,,,$4150000,loveke01,"['Traded from MIA to UTA July 7, 2025', 'Signed 2-yr/$8M contract July 6, 2024']"
247,Dalton Knecht,LAL,$4010160,$4201080,$6452860,,,,$4010160,knechda01,"['2026-27 and 2027-28 are team options', 'Signed rookie scale contract on July 2, 2024']"
248,Dwight Powell,DAL,$4000000,,,,,,$4000000,poweldw01,"['Exercised player option June 23, 2025', '2025-26 is a player option', 'Signed 3-yr/$12M contract July 9, 2023']"
249,Walter Clayton,UTA,$3991320,$4190520,$4390320,$6752312,,,$8181840,claytwa01,"['2027-28 and 2028-29 are team options', 'Signed rookie scale contract on July 2, 2025']"
250,Jaime Jaquez Jr.,MIA,$3861600,$5939141,,,,,$3861600,jaqueja01,"['Option exercised September 5, 2024', '2025-26 and 2026-27 are team options', 'Signed 4-yr/$17M rookie scale contract July 1, 2023']"
251,Nolan Traoré,BRK,$3811560,$4002000,$4193040,$6457282,,,$7813560,traorno01,"['2027-28 and 2028-29 are team options', 'Signed rookie scale contract on July 4, 2025']"
252,Tristan Da Silva,ORL,$3809520,$3991200,$6138466,,,,$3809520,dasiltr01,"['2026-27 and 2027-28 are team options', 'Signed rookie scale contract on July 6, 2024']"
253,Brandin Podziemski,GSW,$3687960,$5679459,,,,,$3687960,podzibr01,"['Option exercised October 30, 2024', '2025-26 and 2026-27 are team options', 'Signed 4-yr/$16M rookie scale contract July 3, 2023']"
254,Svi Mykhailiuk,UTA,$3675000,$3850000,$4025000,,,,,mykhasv01,"['Signed 4-yr/$15M contract August 10, 2024']"
255,Kasparas Jakucionis,MIA,$3658800,$3841680,$4024440,$6205687,,,$7500480,jakucka01,"['2027-28 and 2028-29 are team options', 'Signed rookie scale contract on July 1, 2025']"
256,Ja'Kobe Walter,TOR,$3638160,$3811800,$5870172,,,,$3638160,walteja01,"['2026-27 and 2027-28 are team options', 'Signed rookie scale contract on July 4, 2024']"
257,Cam Whitmore,WAS,$3539760,$5458310,,,,,$3539760,whitmca01,"['Traded from HOU to WAS July 6, 2025', 'Option exercised October 30, 2024', '2025-26 and 2026-27 are team options', 'Signed 4-yr/$16M rookie scale contract July 3, 2023']"
258,Will Riley,WAS,$3512520,$3688320,$3864000,$6155352,,,$7200840,rileywi01,"['2027-28 and 2028-29 are team options', 'Signed rookie scale contract on July 5, 2025']"
259,Jaylon Tyson,CLE,$3492480,$3658560,$5641500,,,,$3492480,tysonja01,
260,P.J. Tucker,NYK,$3468960,,,,,,,tuckepj01,"['2025-26 is a team option', 'Signed 2-year minimum contract March 28, 2025']"
261,Russell Westbrook,DEN,$3468960,,,,,,,westbru01,"['2025-26 is a player option', 'Signed 2-yr/$6', '8M contract July 26, 2024']"
262,Noah Clowney,BRK,$3398640,$5414034,,,,,$3398640,clownno01,"['Option exercised October 28, 2024', '2025-26 and 2026-27 are team options', 'Signed 4-yr/$15M rookie scale contract July 11, 2023']"
263,Drake Powell,BRK,$3372240,$3540600,$3709320,$6101832,,,$6912840,poweldr01,"['2027-28 and 2028-29 are team options', 'Signed rookie scale contract on July 8, 2025']"
264,Yves Missi,NOP,$3353040,$3512760,$5595827,,,,$3353040,missiyv01,"['2026-27 and 2027-28 are team options', 'Signed rookie scale contract on July 8, 2024']"
265,Dariq Whitehead,BRK,$3262560,$5366912,,,,,$3262560,whiteda01,"['Option exercised October 28, 2024', '2025-26 and 2026-27 are team options', 'Signed 4-yr/$15M rookie scale contract July 10, 2023']"
266,Asa Newell,ATL,$3237480,$3399480,$3560880,$6042814,,,$6636960,newelas01,"['2027-28 and 2028-29 are team options', 'Signed rookie scale contract on July 3, 2025']"
267,DaRon Holmes,DEN,$3218760,$3372120,$5547138,,,,$3218760,holmeda01,"['2026-27 and 2027-28 are team options', 'Signed rookie scale contract on July 9, 2024']"
268,Elfrid Payton,NOP,$3153598,,,,,,,paytoel01,"['2025-26 is a team option', 'Signed for remainder of season April 11, 2025']"
269,Kris Murray,POR,$3132000,$5315004,,,,,$3132000,murrakr01,"['Option exercised October 19, 2024', '2025-26 and 2026-27 are team options', 'Signed 4-yr/$14M rookie scale contract July 1, 2023']"
270,Nique Clifford,SAC,$3108120,$3263400,$3418800,$5979481,,,$6371520,cliffni01,"['2027-28 and 2028-29 are team options', 'Signed rookie scale contract on July 3, 2025']"
271,Nassir Little,PHO,$3107143,$3107143,$3107143,$3107143,,,$12428572,littlna01,"['Waived August 27, 2024', 'Traded from POR to PHO September 27, 2023', 'Signed 4-yr/$28M contract extension October 17, 2022']"
272,AJ Johnson,WAS,$3090480,$3237120,$5493394,,,,$3090480,johnsaj01,"['Traded from MIL to WAS February 6, 2025', '2026-27 and 2027-28 are team options', 'Signed rookie scale contract on July 5, 2024']"
273,Olivier-Maxence Prosper,DAL,$3007080,$5259383,,,,,$3007080,prospol01,"['Option exercised October 23, 2024', '2025-26 and 2026-27 are team options', 'Signed 4-yr/$14M rookie scale contract July 16, 2023']"
274,Shake Milton,LAL,$3000000,$3287406,,,,,$6287406,miltosh01,"['Waived July 20, 2025', 'Traded from BRK to LAL December 29, 2024', '2025-26 and 2026-27 are not guaranteed', 'Traded from NYK to BRK July 6, 2024', 'Signed 3-yr/$9M contract July 6, 2024']"
275,Kyle Filipowski,UTA,$3000000,$3000000,$3000000,,,,$3000000,filipky01,"['Signed 4-yr/$12M contract August 12, 2024']"
276,Julian Champagnie,SAS,$3000000,$3000000,,,,,,champju02,"['2026-27 is a team option', 'Signed 4-yr/$12M contract July 6, 2023']"
277,Jase Richardson,ORL,$2983320,$3132360,$3282000,$5910882,,,$6115680,richaja02,"['2027-28 and 2028-29 are team options', 'Signed rookie scale contract on July 3, 2025']"
278,Kyshawn George,WAS,$2966760,$3108000,$5435892,,,,$2966760,georgky01,"['2026-27 and 2027-28 are team options', 'Signed rookie scale contract on July 6, 2024']"
279,Tony Bradley,IND,$2940876,,,,,,$2940876,bradlto01,"['Team option exercised June 29, 2025', 'Signed for remainder of season March 23, 2025']"
280,Lonnie Walker IV,PHI,$2940876,,,,,,,walkelo01,"['2025-26 is a team option', 'Signed 2-yr/$3', '7M contract February 21, 2025']"
281,Marcus Sasser,DET,$2886720,$5198983,,,,,$2886720,sassema01,"['Option exercised October 21, 2024', '2025-26 and 2026-27 are team options', 'Signed 4-yr/$13M rookie scale contract July 5, 2023']"
282,Ben Saraf,BRK,$2884560,$3028560,$3172920,$5720776,,,$5913120,sarafbe01,"['2027-28 and 2028-29 are team options', 'Signed rookie scale contract on July 3, 2025']"
283,Pacome Dadiet,NYK,$2847600,$2983680,$5373608,,,,$2847600,dadiepa01,"['2026-27 and 2027-28 are team options', 'Signed rookie scale contract on July 3, 2024']"
284,Danny Wolf,BRK,$2801280,$2941440,$3081840,$5559640,,,$5742720,wolfda01,"['2027-28 and 2028-29 are team options', 'Signed rookie scale contract on July 3, 2025']"
285,Ben Sheppard,IND,$2790720,$5031669,,,,,$2790720,sheppbe01,"['Option exercised October 18, 2024', '2025-26 and 2026-27 are team options', 'Signed 4-yr/$13M rookie scale contract July 1, 2023']"
286,Hugo González,BOS,$2783880,$2923560,$3062640,$5528065,,,$5707440,gonzahu01,"['2027-28 and 2028-29 are team options', 'Signed rookie scale contract on July 1, 2025']"
287,Liam McNeeley,CHO,$2763960,$2902080,$3040320,$5487778,,,$5666040,mcneeli01,"['2027-28 and 2028-29 are team options', 'Signed rookie scale contract on July 3, 2025']"
288,Dillon Jones,OKC,$2753280,$2884440,$5200646,,,,$2753280,jonesdi01,"['2026-27 and 2027-28 are team options', 'Signed rookie scale contract on July 6, 2024']"
289,Yanic Konan Niederhauser,LAC,$2743800,$2880960,$3018480,$5448356,,,$5624760,konanya01,"['2027-28 and 2028-29 are team options', 'Signed rookie scale contract on July 7, 2025']"
290,DaQuan Jeffries,CHO,$2743776,$3080918,,,,,,jeffrda01,"['Traded from NYK to CHO October 2, 2024', 'Signed 3-yr/$7M contract October 2, 2024']"
291,Nick Smith Jr.,CHO,$2710680,$4890067,,,,,$2710680,smithni01,"['Option exercised October 30, 2024', '2025-26 and 2026-27 are team options', 'Signed 4-yr/$12', '7M rookie scale contract July 3, 2023']"
292,Brice Sensabaugh,UTA,$2693760,$4862237,,,,,$2693760,sensabr01,"['Option exercised October 21, 2024', '2025-26 and 2026-27 are team options', 'Signed 4-yr/$12', '6M rookie scale contract July 2, 2023']"
293,Julian Strawther,DEN,$2674200,$4826931,,,,,$2674200,strawju01,"['Option exercised October 9, 2024', '2025-26 and 2026-27 are team options', 'Signed 4-yr/$12', '5M rookie scale contract July 6, 2023']"
294,Terrence Shannon Jr.,MIN,$2674080,$2801640,$5054159,,,,$2674080,shannte01,"['2026-27 and 2027-28 are team options', 'Signed rookie scale contract on July 8, 2024']"
295,James Wiseman,IND,$2667947,,,,,,$1000000,wisemja01,"['2026-27 is a team option', '2025-26 is partially guaranteed', 'Signed 2-yr/$5', '7M contract July 7, 2025']"
296,Ryan Dunn,PHO,$2657760,$2784240,$5025553,,,,$2657760,dunnry01,"['2026-27 and 2027-28 are team options', 'Signed rookie scale contract on July 2, 2024']"
297,Kobe Brown,LAC,$2654880,$4792059,,,,,$2654880,brownko01,"['Option exercised October 28, 2024', '2025-26 and 2026-27 are team options', 'Signed 4-yr/$12', '4M rookie scale contract July 3, 2023']"
298,Isaiah Collier,UTA,$2638200,$2763960,$4988948,,,,$2638200,colliis01,"['2026-27 and 2027-28 are team options', 'Signed rookie scale contract on July 2, 2024']"
299,Baylor Scheierman,BOS,$2619000,$2744040,$4952993,,,,$7697033,scheiba01,"['2026-27 and 2027-28 are team options', 'Signed rookie scale contract on July 6, 2024']"
300,Xavier Tillman Sr.,BOS,$2546675,,,,,,$2546675,tillmxa01,"['Signed 2-yr/$4', '8M contract July 2, 2024']"
301,Terence Davis,SAC,$2546675,,,,,,,daviste02,"['Signed for remainder of season April 9, 2025']"
302,Chuma Okeke,CLE,$2546675,,,,,,,okekech01,
303,Charles Bassey,SAS,$2500000,,,,,,,bassech01,"['Signed 1-yr minimum contract July 17, 2024']"
304,Justin Champagnie,WAS,$2349578,$2667944,$3005085,,,,$5017522,champju01,"['Signed 4-yr/$10M contract March 3, 2025']"
305,Jordan Goodwin,PHO,$2349578,,,,,,$2349578,goodwjo01,"['Claimed by PHO July 23, 2025', 'Waived July 20, 2025', 'Option exercised June 28, 2025', '2025-26 is a team option', 'Signed 2-year minimum contract March 27, 2025']"
306,Jay Huff,IND,$2349578,$2667944,$3005085,,,,$2349578,huffja01,"['Traded from MEM to IND July 6, 2025', 'Signed 4-yr/$10M contract October 28, 2024']"
307,Keon Johnson,BRK,$2349578,,,,,,$2349578,johnske07,"['Team option exercised June 28, 2025', 'Signed 2-yr/$4', '5M contract July 21, 2024']"
308,Jared Butler,PHI,$2349578,,,,,,,butleja02,"['2025-26 is a team option', 'Signed 2-yr minimum contract February 13, 2025']"
309,Brandon Boston Jr.,NOP,$2349578,,,,,,,bostobr01,"['Signed 2-yr contract February 27, 2025']"
310,Neemias Queta,BOS,$2349578,$2667944,,,,,,quetane01,"['Signed 3-yr/$7M contract July 6, 2024 /2025-26 and 2026-27 are partially guaranteed']"
311,Vit Krejci,ATL,$2349578,$2667944,$3005085,,,,,krejcvi01,"['2027-28 is a team option', 'Signed 4-yr/$10', '2M contract July 12, 2024']"
312,Keon Ellis,SAC,$2301587,,,,,,$2301587,elliske01,"['Option exercised June 29, 2025', '2024-25 is non-guaranteed and 2025-26 is a team option', 'Signed 3-yr/$5', '5M contract February 9, 2024']"
313,Vince Williams Jr.,MEM,$2301587,$2489752,,,,,$2301587,willivi01,"['2026-27 is a team option', 'Signed 4-yr/$9M contract January 10, 2024']"
314,A.J. Green,MIL,$2301587,,,,,,,greenaj01,"['Signed 3-yr contract July 7, 2023']"
315,Scotty Pippen Jr.,MEM,$2270735,$2461462,$2789215,,,,$2270735,pippesc02,"['Signed 4-yr/$10M contract October 16, 2024']"
316,JD Davison,BOS,$2270735,,,,,,$2270735,davisjd01,"['Waived July 24, 2025', 'Option exercised June 29, 2025', '2025-26 is a team option', 'Signed for remainder of season April 13, 2025']"
317,A.J. Lawson,TOR,$2270735,,,,,,,lawsoaj01,"['2025-26 is a team option', 'Signed for remainder of season April 12, 2025']"
318,Brandon Williams,DAL,$2270735,,,,,,,willibr03,"['2025-26 is a team option', 'Signed for remainder of season April 10, 2025']"
319,Moussa Diabaté,CHO,$2270735,$2461462,,,,,,diabamo01,"['2025-26 and 2026-27 are not guaranteed', 'Signed 3-yr/$5', '5M contract February 8, 2025']"
320,Rayan Rupert,POR,$2221677,,,,,,$2221677,ruperra01,"['Option exercised June 28, 2025', '2025-26 is a team option', 'Signed 3-yr/$5M contract July 4, 2023']"
321,Ricky Council IV,PHI,$2221677,$2406205,,,,,$2221677,councri01,"['2024-25 and 2025-26 are not guaranteed and 2026-27 is a team option', 'Signed 4-yr/$7', '4M contract April 13, 2024']"
322,GG Jackson II,MEM,$2221677,$2406205,,,,,$2221677,jacksgg01,"['2026-27 is a team option', 'Signed 4-yr/$8', '5M contract February 9, 2024']"
323,Gui Santos,GSW,$2221677,,,,,,$2221677,santogu01,"['option exercised June 29, 2025', '2025-26 is a team option', '2024-25 is non-guaranteed', '2023-24 is partially guaranteed', 'Signed 3-yr minimum contract November 7, 2023']"
324,Jalen Pickett,DEN,$2221677,$2406205,,,,,$2221677,pickeja02,"['2026-27 is a team option', 'Signed 4-yr/$8', '3M rookie scale contract July 6, 2023']"
325,Hunter Tyson,DEN,$2221677,$2406205,,,,,$2221677,tysonhu01,"['2026-27 is a team option', 'Signed 4-yr/$7', '6M contract July 6, 2023']"
326,Julian Phillips,CHI,$2221677,$2406205,,,,,$2221677,phillju01,"['2026-27 is a team option', 'Signed 4-yr/$8M contract July 12, 2023']"
327,Jalen Wilson,BRK,$2221677,,,,,,$2221677,wilsoja03,"['Option exercised June 28, 2025', '2025-26 is a team option', '2024-25 is partially guaranteed', 'Signed 3-year minimum contract March 1, 2024']"
328,Jordan Walsh,BOS,$2221677,$2406205,,,,,$200000,walshjo01,"['2026-27 is a team option', '2025-26 is partially guaranteed', 'Signed 4-yr/$7', '6M contract July 6, 2023']"
329,Duop Reath,POR,$2221677,,,,,,,reathdu01,"['Signed 3-yr/$6M contract February 16, 2024']"
330,Toumani Camara,POR,$2221677,$2406205,,,,,,camarto01,"['Traded from PHO to POR September 27, 2023', 'Signed 4-yr/$7', '6M entry level contract July 3, 2023']"
331,Leonard Miller,MIN,$2221677,$2406205,,,,,,millele01,"['2025-26 and 2026-27 are not guaranteed', 'Signed 4-yr contract July 8, 2023']"
332,Andre Jackson Jr.,MIL,$2221677,$2406205,,,,,,jacksan01,"['Signed 4-yr/$7', '6M contract July 7, 2023']"
333,Trayce Jackson-Davis,GSW,$2221677,$2406205,,,,,,jackstr02,"['2026-27 is a team option', 'Signed 4-yr/$3M contract July 6, 2023']"
334,Craig Porter Jr.,CLE,$2221677,$2406205,,,,,,portecr01,
335,Mouhamed Gueye,ATL,$2221677,$2406205,,,,,,gueyemo02,"['2026-27 is a team option', '2025-26 is not guaranteed', 'Signed 4-yr/$7', '6M contract July 3, 2023']"
336,JaVale McGee,DAL,$2208856,$2208856,$2208856,,,,$6626568,mcgeeja01,"['Waived and contract stretched August 29, 2023', 'Signed 3-yr/$17M contract July 9, 2022']"
337,Tyler Kolek,NYK,$2191897,$2296271,$2486995,,,,$4488168,kolekty01,"['2027-28 is a team option', 'Signed 4-yr/$9M contract July 4, 2024']"
338,Colin Castleton,TOR,$2191897,,,,,,$2191897,castlco01,"['2025-26 is a team option', 'Signed for remainder of season April 13, 2025']"
339,Jaylen Clark,MIN,$2191897,,,,,,$2191897,clarkja02,"['Signed 2-yr contract February 27, 2025']"
340,Tyrese Martin,BRK,$2191897,,,,,,$2191897,martity01,"['Option exercised June 28, 2025', '2025-26 is a team option', 'Signed 2-yr/$2', '8M contract February 20, 2025']"
341,Caleb Houstan,ORL,$2187699,,,,,,,houstca01,"['2025-26 is a team option', '2024-25 is not guaranteed', 'Signed 4-yr/$8', '2M contract July 10, 2022']"
342,Tyler Smith,MIL,$1955377,$2296271,$2486995,,,,$4251648,smithty02,"['2027-28 is a team option', 'Signed 4-yr/$7', '9M contract July 5, 2024']"
343,Johnny Furphy,IND,$1955377,$2296271,$2486995,,,,$4251648,furphjo01,"['2027-28 is a team option', 'Signed 4-yr/$8', '6M contract July 6, 2024']"
344,Jonathan Mogbo,TOR,$1955377,$2296271,,,,,$1955377,mogbojo01,"['2026-27 is a team option', 'Signed 3-yr/$6M contract July 4, 2024']"
345,Jamal Shead,TOR,$1955377,$2296271,,,,,$1955377,sheadja01,"['2026-27 is a team option', 'Signed 3-yr/$6M contract July 4, 2024']"
346,Isaac Jones,SAC,$1955377,,,,,,$1955377,jonesis01,"['Option exercised June 28, 2025', '2025-26 is a team option', 'Signed 2-year minimum contract March 22, 2025']"
347,Oso Ighodaro,PHO,$1955377,$2296271,$2486995,,,,$1955377,ighodos01,"['2027-28 is a team option', '2026-27 is partially guaranteed', 'Signed 4-yr/$7', '9M contract July 4, 2024']"
348,Ariel Hukporti,NYK,$1955377,,,,,,$1955377,hukpoar01,"['Option exercised June 29, 2025', '2025-26 is a team option', 'Signed 2-yr/$5', '7M contract November 5, 2024']"
349,Karlo Matković,NOP,$1955377,$2296271,,,,,$1955377,matkoka01,"['2026-27 is a team option', 'Signed 3-yr/$5', '4M contract July 13, 2024']"
350,Keshad Johnson,MIA,$1955377,,,,,,$1955377,johnske10,"['Option exercised June 24, 2025', '2025-26 is a team option', 'Signed 2-year contract December 26, 2024']"
351,Jaylen Wells,MEM,$1955377,$2296271,$2486995,,,,$1955377,wellsja01,"['2027-28 is a team option', '2026-27 is partially guaranteed', 'Signed 4-yr/$7', '9M contract July 6, 2024']"
352,Bronny James,LAL,$1955377,$2296271,$2486995,,,,$1955377,jamesbr02,"['2027-28 is a team option', 'Signed 4-yr/$7', '9M contract July 2, 2024']"
353,Cam Christie,LAC,$1955377,$2296271,$2486995,,,,$1955377,chrisca02,"['2027-28 is a team option', '2026-27 is not guaranteed', 'Signed 4-yr/$7', '9M contract July 5, 2024']"
354,Quinten Post,GSW,$1955377,,,,,,$1955377,postqu01,"['Option exercised June 29, 2025', '2025-26 is a team option', 'Signed 2-yr/$2', '4M contract February 7, 2025']"
355,Bobi Klintman,DET,$1955377,$2296271,$2486995,,,,$1955377,klintbo01,"['2027-28 is a team option', 'Signed 4-yr/$7', '9M contract July 12, 2024']"
356,Drew Timme,BRK,$1955377,,,,,,$1955377,timmedr01,"['Option exercised June 28, 2025', '2025-26 is a team option', 'Signed 2-year minimum contract March 28, 2025']"
357,Jamison Battle,TOR,$1955377,$2296271,,,,,,battlja01,"['2025-26 and 2026-27 not guaranteed', 'Signed 3-yr/$4', '7M contract February 7, 2025']"
358,Adem Bona,PHI,$1955377,$2296271,$2486995,,,,,bonaad01,"['2027-28 is a team option', 'Signed 4-yr/$8M contract July 21, 2024']"
359,Pelle Larsson,MIA,$1955377,$2296271,,,,,,larsspe01,"['2027-28 is a team option', 'Signed 3-yr/$5', '4M contract']"
360,E.J. Liddell,PHO,$706898,$706898,,,,,$1413796,liddeej01,"['Waived August 27, 2024', 'Traded from ATL to PHO July 29, 2024', 'Traded from NOP to ATL July 6, 2024', '2025-26 is a team option', 'Signed 3-yr/$6', '2M contract July 6, 2023']"
361,Mamadi Diakite,MEM,$464050,$464050,,,,,$928100,diakima01,"['Waived August 27, 2024', 'Traded from BRK to MEM July 19, 2024', 'Traded from NYK to BRK July 6, 2024', 'Signed for remainder of season March 25, 2024']"
362,Ricky Rubio,CLE,$424672,$424672,,,,,$849344,rubiori01,
363,Didi Louzada,POR,$268032,$268032,$268032,$268032,,,$1072128,louzama01,"['Waived August 29, 2022 with stretch provision', 'Traded from NOP to POR February 8, 2022', '2023-24 and 2024-25 are not guaranteed', 'Signed 4-yr/$7', '7M contract August 13, 2021']"
